[
	{
		"Name": "Birdman",
		"Description": "A fading actor best known for his portrayal of a popular superhero attempts to mount a comeback by appearing in a Broadway play. As opening night approaches, his attempts to become more altruistic, rebuild his career, and reconnect with friends and family prove more difficult than expected.",
		"ReleaseDate": "2014-08-27T00:00:00",
		"Runtime": "01:59:00",
		"ImageUrl": "https://image.tmdb.org/t/p/w600_and_h900_bestv2/rSZs93P0LLxqlVEbI001UKoeCQC.jpg",
		"TrailerUrl": "https://www.youtube.com/embed/xIxMMv_LD5Q",
		"PurchaseCost": 11.99,
		"RentCost": 3.99,
		"Id": 194662
	},
	{
		"Name": "Coco",
		"Description": "Despite his family’s baffling generations-old ban on music, Miguel dreams of becoming an accomplished musician like his idol, Ernesto de la Cruz. Desperate to prove his talent, Miguel finds himself in the stunning and colorful Land of the Dead following a mysterious chain of events. Along the way, he meets charming trickster Hector, and together, they set off on an extraordinary journey to unlock the real story behind Miguel's family history.",
		"ReleaseDate": "2017-10-27T00:00:00",
		"Runtime": "01:45:00",
		"ImageUrl": "https://image.tmdb.org/t/p/w600_and_h900_bestv2/eKi8dIrr8voobbaGzDpe8w0PVbC.jpg",
		"TrailerUrl": "https://www.youtube.com/embed/zNCz4mQzfEI",
		"PurchaseCost": 14.99,
		"RentCost": 4.99,
		"Id": 354912
	},
	{
		"Name": "The Dark Knight Rises",
		"Description": "Following the death of District Attorney Harvey Dent, Batman assumes responsibility for Dent's crimes to protect the late attorney's reputation and is subsequently hunted by the Gotham City Police Department. Eight years later, Batman encounters the mysterious Selina Kyle and the villainous Bane, a new terrorist leader who overwhelms Gotham's finest. The Dark Knight resurfaces to protect a city that has branded him an enemy.",
		"ReleaseDate": "2012-07-16T00:00:00",
		"Runtime": "02:45:00",
		"ImageUrl": "https://image.tmdb.org/t/p/w600_and_h900_bestv2/dEYnvnUfXrqvqeRSqvIEtmzhoA8.jpg",
		"TrailerUrl": "https://www.youtube.com/embed/z5Humz3ONgk",
		"PurchaseCost": 9.99,
		"RentCost": 2.99,
		"Id": 49026
	},
	{
		"Name": "Django Unchained",
		"Description": "With the help of a German bounty hunter, a freed slave sets out to rescue his wife from a brutal Mississippi plantation owner.",
		"ReleaseDate": "2012-12-25T00:00:00",
		"Runtime": "02:45:00",
		"ImageUrl": "https://image.tmdb.org/t/p/w600_and_h900_bestv2/5WJnxuw41sddupf8cwOxYftuvJG.jpg",
		"TrailerUrl": "https://www.youtube.com/embed/_iH0UBYDI4g",
		"PurchaseCost": 9.99,
		"RentCost": 2.99,
		"Id": 68718
	},
	{
		"Name": "Ferris Bueller's Day Off",
		"Description": "Charismatic teen Ferris Bueller plays hooky in Chicago with his girlfriend and best friend.",
		"ReleaseDate": "1986-06-11T00:00:00",
		"Runtime": "01:43:00",
		"ImageUrl": "https://image.tmdb.org/t/p/w600_and_h900_bestv2/kto49vDiSzooEdy4WQH2RtaC9oP.jpg",
		"TrailerUrl": "https://www.youtube.com/embed/D6gABQFR94U",
		"PurchaseCost": 7.99,
		"RentCost": 1.99,
		"Id": 9377
	},
	{
		"Name": "Get Out",
		"Description": "Chris and his girlfriend Rose go upstate to visit her parents for the weekend. At first, Chris reads the family's overly accommodating behavior as nervous attempts to deal with their daughter's interracial relationship, but as the weekend progresses, a series of increasingly disturbing discoveries lead him to a truth that he never could have imagined.",
		"ReleaseDate": "2017-02-24T00:00:00",
		"Runtime": "01:44:00",
		"ImageUrl": "https://image.tmdb.org/t/p/w600_and_h900_bestv2/1SwAVYpuLj8KsHxllTF8Dt9dSSX.jpg",
		"TrailerUrl": "https://www.youtube.com/embed/sRfnevzM9kQ",
		"PurchaseCost": 12.99,
		"RentCost": 4.99,
		"Id": 419430
	},
	{
		"Name": "Inception",
		"Description": "Cobb, a skilled thief who commits corporate espionage by infiltrating the subconscious of his targets is offered a chance to regain his old life as payment for a task considered to be impossible: \"inception\", the implantation of another person's idea into a target's subconscious.",
		"ReleaseDate": "2010-07-14T00:00:00",
		"Runtime": "02:28:00",
		"ImageUrl": "https://image.tmdb.org/t/p/w600_and_h900_bestv2/qmDpIHrmpJINaRKAfWQfftjCdyi.jpg",
		"TrailerUrl": "https://www.youtube.com/embed/xitHF0IPJSQ",
		"PurchaseCost": 10.99,
		"RentCost": 2.99,
		"Id": 27205
	},
	{
		"Name": "Interstellar",
		"Description": "Interstellar chronicles the adventures of a group of explorers who make use of a newly discovered wormhole to surpass the limitations on human space travel and conquer the vast distances involved in an interstellar voyage.",
		"ReleaseDate": "2014-11-05T00:00:00",
		"Runtime": "02:49:00",
		"ImageUrl": "https://image.tmdb.org/t/p/w600_and_h900_bestv2/nBNZadXqJSdt05SHLqgT0HuC5Gm.jpg",
		"TrailerUrl": "https://www.youtube.com/embed/ePbKGoIGAXY",
		"PurchaseCost": 11.99,
		"RentCost": 3.99,
		"Id": 157336
	},
	{
		"Name": "The Lion King",
		"Description": "A young lion cub named Simba can't wait to be king. But his uncle craves the title for himself and will stop at nothing to get it.",
		"ReleaseDate": "1994-06-23T00:00:00",
		"Runtime": "01:29:00",
		"ImageUrl": "https://image.tmdb.org/t/p/w600_and_h900_bestv2/bKPtXn9n4M4s8vvZrbw40mYsefB.jpg",
		"TrailerUrl": "https://www.youtube.com/embed/4sj1MT05lAA",
		"PurchaseCost": 9.99,
		"RentCost": 2.99,
		"Id": 8587
	},
	{
		"Name": "The Lord of the Rings: The Return of the King",
		"Description": "Aragorn is revealed as the heir to the ancient kings as he, Gandalf and the other members of the broken fellowship struggle to save Gondor from Sauron's forces. Meanwhile, Frodo and Sam bring the ring closer to the heart of Mordor, the dark lord's realm.",
		"ReleaseDate": "2003-12-01T00:00:00",
		"Runtime": "03:21:00",
		"ImageUrl": "https://image.tmdb.org/t/p/w600_and_h900_bestv2/rCzpDGLbOoPwLjy3OAm5NUPOTrC.jpg",
		"TrailerUrl": "https://www.youtube.com/embed/co9SNfJNDN8",
		"PurchaseCost": 7.99,
		"RentCost": 1.99,
		"Id": 122
	},
	{
		"Name": "Pulp Fiction",
		"Description": "A burger-loving hit man, his philosophical partner, a drug-addled gangster's moll and a washed-up boxer converge in this sprawling, comedic crime caper. Their adventures unfurl in three stories that ingeniously trip back and forth in time.",
		"ReleaseDate": "1994-09-10T00:00:00",
		"Runtime": "02:34:00",
		"ImageUrl": "https://image.tmdb.org/t/p/w600_and_h900_bestv2/dM2w364MScsjFf8pfMbaWUcWrR.jpg",
		"TrailerUrl": "https://www.youtube.com/embed/s7EdQ4FqbhY",
		"PurchaseCost": 9.99,
		"RentCost": 2.99,
		"Id": 680
	},
	{
		"Name": "The Revenant",
		"Description": "In the 1820s, a frontiersman, Hugh Glass, sets out on a path of vengeance against those who left him for dead after a bear mauling.",
		"ReleaseDate": "2015-12-25T00:00:00",
		"Runtime": "02:36:00",
		"ImageUrl": "https://image.tmdb.org/t/p/w600_and_h900_bestv2/oXUWEc5i3wYyFnL1Ycu8ppxxPvs.jpg",
		"TrailerUrl": "https://www.youtube.com/embed/QRfj1VCg16Y",
		"PurchaseCost": 11.99,
		"RentCost": 3.99,
		"Id": 281957
	},
	{
		"Name": "The Ritual",
		"Description": "A group of college friends reunite for a trip to the forest, but encounter a menacing presence in the woods that's stalking them.",
		"ReleaseDate": "2017-10-11T00:00:00",
		"Runtime": "01:34:00",
		"ImageUrl": "https://image.tmdb.org/t/p/w600_and_h900_bestv2/hHuJqzby593lmYmw1SzT0XYy99t.jpg",
		"TrailerUrl": "https://www.youtube.com/embed/aBFyixPE7zA",
		"PurchaseCost": 13.99,
		"RentCost": 3.99,
		"Id": 433808
	},
	{
		"Name": "Saving Private Ryan",
		"Description": "As U.S. troops storm the beaches of Normandy, three brothers lie dead on the battlefield, with a fourth trapped behind enemy lines. Ranger captain John Miller and seven men are tasked with penetrating German-held territory and bringing the boy home.",
		"ReleaseDate": "1998-07-24T00:00:00",
		"Runtime": "02:49:00",
		"ImageUrl": "https://image.tmdb.org/t/p/w600_and_h900_bestv2/miDoEMlYDJhOCvxlzI0wZqBs9Yt.jpg",
		"TrailerUrl": "https://www.youtube.com/embed/RYExstiQlLc",
		"PurchaseCost": 7.99,
		"RentCost": 1.99,
		"Id": 857
	},
	{
		"Name": "Schindler's List",
		"Description": "The true story of how businessman Oskar Schindler saved over a thousand Jewish lives from the Nazis while they worked as slaves in his factory during World War II.",
		"ReleaseDate": "1993-11-29T00:00:00",
		"Runtime": "03:15:00",
		"ImageUrl": "https://image.tmdb.org/t/p/w600_and_h900_bestv2/yPisjyLweCl1tbgwgtzBCNCBle.jpg",
		"TrailerUrl": "https://www.youtube.com/embed/bJcLRFWxRno",
		"PurchaseCost": 9.99,
		"RentCost": 2.99,
		"Id": 424
	},
	{
		"Name": "The Shape of Water",
		"Description": "An other-worldly story, set against the backdrop of Cold War era America circa 1962, where a mute janitor working at a lab falls in love with an amphibious man being held captive there and devises a plan to help him escape.",
		"ReleaseDate": "2017-12-01T00:00:00",
		"Runtime": "02:03:00",
		"ImageUrl": "https://image.tmdb.org/t/p/w600_and_h900_bestv2/k4FwHlMhuRR5BISY2Gm2QZHlH5Q.jpg",
		"TrailerUrl": "https://www.youtube.com/embed/XFYWazblaUA",
		"PurchaseCost": 12.99,
		"RentCost": 4.99,
		"Id": 399055
	},
	{
		"Name": "The Empire Strikes Back",
		"Description": "The epic saga continues as Luke Skywalker, in hopes of defeating the evil Galactic Empire, learns the ways of the Jedi from aging master Yoda. But Darth Vader is more determined than ever to capture Luke. Meanwhile, rebel leader Princess Leia, cocky Han Solo, Chewbacca, and droids C-3PO and R2-D2 are thrown into various stages of capture, betrayal and despair.",
		"ReleaseDate": "1980-05-20T00:00:00",
		"Runtime": "02:04:00",
		"ImageUrl": "https://image.tmdb.org/t/p/w600_and_h900_bestv2/6u1fYtxG5eqjhtCPDx04pJphQRW.jpg",
		"TrailerUrl": "https://www.youtube.com/embed/KwYa7UpoWtM",
		"PurchaseCost": 7.99,
		"RentCost": 2.99,
		"Id": 1891
	},
	{
		"Name": "Straight Outta Compton",
		"Description": "In 1987, five young men, using brutally honest rhymes and hardcore beats, put their frustration and anger about life in the most dangerous place in America into the most powerful weapon they had: their music.  Taking us back to where it all began, Straight Outta Compton tells the true story of how these cultural rebels—armed only with their lyrics, swagger, bravado and raw talent—stood up to the authorities that meant to keep them down and formed the world’s most dangerous group, N.W.A.  And as they spoke the truth that no one had before and exposed life in the hood, their voice ignited a social revolution that is still reverberating today.",
		"ReleaseDate": "2015-08-13T00:00:00",
		"Runtime": "02:27:00",
		"ImageUrl": "https://image.tmdb.org/t/p/w600_and_h900_bestv2/X7S1RtotXOZNV7OlgCfh5VKZSB.jpg",
		"TrailerUrl": "https://www.youtube.com/embed/rsbWEF1Sju0",
		"PurchaseCost": 8.99,
		"RentCost": 2.99,
		"Id": 277216
	},
	{
		"Name": "Toy Story 3",
		"Description": "Woody, Buzz, and the rest of Andy's toys haven't been played with in years. With Andy about to go to college, the gang find themselves accidentally left at a nefarious day care center. The toys must band together to escape and return home to Andy.",
		"ReleaseDate": "2010-06-16T00:00:00",
		"Runtime": "01:43:00",
		"ImageUrl": "https://image.tmdb.org/t/p/w600_and_h900_bestv2/AqYmOBxLjASrj5UtybIh7Axyv77.jpg",
		"TrailerUrl": "https://www.youtube.com/embed/TNMpa5yBf5o",
		"PurchaseCost": 11.99,
		"RentCost": 3.99,
		"Id": 10193
	},
	{
		"Name": "Tropic Thunder",
		"Description": "Vietnam veteran 'Four Leaf' Tayback's memoir, Tropic Thunder, is being made into a film, but Director Damien Cockburn can’t control the cast of prima donnas. Behind schedule and over budget, Cockburn is ordered by a studio executive to get filming back on track, or risk its cancellation. On Tayback's advice, Cockburn drops the actors into the middle of the jungle to film the remaining scenes but, unbeknownst to the actors and production, the group have been dropped in the middle of the Golden Triangle, the home of heroin-producing gangs.",
		"ReleaseDate": "2008-08-09T00:00:00",
		"Runtime": "01:47:00",
		"ImageUrl": "https://image.tmdb.org/t/p/w600_and_h900_bestv2/zoWUdaaWKPDyr9b0il0YcggDWgJ.jpg",
		"TrailerUrl": "https://www.youtube.com/embed/VsEdmjAudSI",
		"PurchaseCost": 8.99,
		"RentCost": 2.99,
		"Id": 7446
	},
	{
		"Name": "Airplane!",
		"Description": "Alcoholic pilot, Ted Striker has developed a fear of flying due to wartime trauma, but nevertheless boards a passenger jet in an attempt to woo back his stewardess girlfriend. Food poisoning decimates the passengers and crew, leaving it up to Striker to land the plane with the help of a glue-sniffing air traffic controller and Striker's vengeful former Air Force captain, who must both talk him down.",
		"ReleaseDate": "1980-07-02T00:00:00",
		"Runtime": "01:28:00",
		"ImageUrl": "https://image.tmdb.org/t/p/w600_and_h900_bestv2/b4sAWNIbfXw4WTdc1wiVRBk2Vko.jpg",
		"TrailerUrl": "https://www.youtube.com/embed/HMnVs287AJ4",
		"PurchaseCost": 5.99,
		"RentCost": 1.99,
		"Id": 813
	},
	{
		"Name": "Jurassic Park",
		"Description": "A wealthy entrepreneur secretly creates a theme park featuring living dinosaurs drawn from prehistoric DNA. Before opening day, he invites a team of experts and his two eager grandchildren to experience the park and help calm anxious investors. However, the park is anything but amusing as the security systems go off-line and the dinosaurs escape.",
		"ReleaseDate": "1993-06-11T00:00:00",
		"Runtime": "02:07:00",
		"ImageUrl": "https://image.tmdb.org/t/p/w600_and_h900_bestv2/c414cDeQ9b6qLPLeKmiJuLDUREJ.jpg",
		"TrailerUrl": "https://www.youtube.com/embed/QWBKEmWWL38",
		"PurchaseCost": 8.99,
		"RentCost": 2.99,
		"Id": 329
	},
	{
		"Name": "Pan's Labyrinth",
		"Description": "Living with her tyrannical stepfather in a new home with her pregnant mother, 10-year-old Ofelia feels alone until she explores a decaying labyrinth guarded by a mysterious faun who claims to know her destiny. If she wishes to return to her real father, Ofelia must complete three terrifying tasks.",
		"ReleaseDate": "2006-05-27T00:00:00",
		"Runtime": "01:58:00",
		"ImageUrl": "https://image.tmdb.org/t/p/w600_and_h900_bestv2/t0TDsqbCTgSi0AL7k4baZrOYYhi.jpg",
		"TrailerUrl": "https://www.youtube.com/embed/gPkMx_pfJ5w",
		"PurchaseCost": 11.99,
		"RentCost": 3.99,
		"Id": 1417
	},
	{
		"Name": "The Godfather: Part II",
		"Description": "In the continuing saga of the Corleone crime family, a young Vito Corleone grows up in Sicily and in 1910s New York. In the 1950s, Michael Corleone attempts to expand the family business into Las Vegas, Hollywood and Cuba.",
		"ReleaseDate": "1974-12-20T00:00:00",
		"Runtime": "03:20:00",
		"ImageUrl": "https://image.tmdb.org/t/p/w600_and_h900_bestv2/tHbMIIF51rguMNSastqoQwR0sBs.jpg",
		"TrailerUrl": "https://www.youtube.com/embed/9O1Iy9od7-A",
		"PurchaseCost": 9.99,
		"RentCost": 2.99,
		"Id": 240
	},
	{
		"Name": "Alien",
		"Description": "During its return to the earth, commercial spaceship Nostromo intercepts a distress signal from a distant planet. When a three-member team of the crew discovers a chamber containing thousands of eggs on the planet, a creature inside one of the eggs attacks an explorer. The entire crew is unaware of the impending nightmare set to descend upon them when the alien parasite planted inside its unfortunate host is birthed.",
		"ReleaseDate": "1979-05-25T00:00:00",
		"Runtime": "01:57:00",
		"ImageUrl": "https://image.tmdb.org/t/p/w600_and_h900_bestv2/2h00HrZs89SL3tXB4nbkiM7BKHs.jpg",
		"TrailerUrl": "https://www.youtube.com/embed/097uj1HjkbM",
		"PurchaseCost": 7.99,
		"RentCost": 1.99,
		"Id": 348
	},
	{
		"Name": "Spirited Away",
		"Description": "A young girl, Chihiro, becomes trapped in a strange new world of spirits. When her parents undergo a mysterious transformation, she must call upon the courage she never knew she had to free her family.",
		"ReleaseDate": "2001-07-20T00:00:00",
		"Runtime": "02:05:00",
		"ImageUrl": "https://image.tmdb.org/t/p/w600_and_h900_bestv2/dL11DBPcRhWWnJcFXl9A07MrqTI.jpg",
		"TrailerUrl": "https://www.youtube.com/embed/ByXuk9QqQkk",
		"PurchaseCost": 9.99,
		"RentCost": 2.99,
		"Id": 129
	},
	{
		"Name": "The Good, the Bad and the Ugly",
		"Description": "While the Civil War rages between the Union and the Confederacy, three men – a quiet loner, a ruthless hit man and a Mexican bandit – comb the American Southwest in search of a strongbox containing $200,000 in stolen gold.",
		"ReleaseDate": "1966-12-23T00:00:00",
		"Runtime": "02:41:00",
		"ImageUrl": "https://image.tmdb.org/t/p/w600_and_h900_bestv2/wfPHdfofBD5PN96dV96a51B3Ja2.jpg",
		"TrailerUrl": "https://www.youtube.com/embed/OLNktcDs05Y",
		"PurchaseCost": 6.99,
		"RentCost": 1.99,
		"Id": 429
	},
	{
		"Name": "The Shining",
		"Description": "Jack Torrance accepts a caretaker job at the Overlook Hotel, where he, along with his wife Wendy and their son Danny, must live isolated from the rest of the world for the winter. But they aren't prepared for the madness that lurks within.",
		"ReleaseDate": "1980-05-22T00:00:00",
		"Runtime": "02:24:00",
		"ImageUrl": "https://image.tmdb.org/t/p/w600_and_h900_bestv2/9fgh3Ns1iRzlQNYuJyK0ARQZU7w.jpg",
		"TrailerUrl": "https://www.youtube.com/embed/ANKdpe4J2h0",
		"PurchaseCost": 7.99,
		"RentCost": 1.99,
		"Id": 694
	},
	{
		"Name": "John Wick",
		"Description": "Ex-hitman John Wick comes out of retirement to track down the gangsters that took everything from him.",
		"ReleaseDate": "2014-10-22T00:00:00",
		"Runtime": "01:41:00",
		"ImageUrl": "https://image.tmdb.org/t/p/w600_and_h900_bestv2/5vHssUeVe25bMrof1HyaPyWgaP.jpg",
		"TrailerUrl": "https://www.youtube.com/embed/2AUmvWm5ZDQ",
		"PurchaseCost": 12.99,
		"RentCost": 3.99,
		"Id": 245891
	},
	{
		"Name": "No Country for Old Men",
		"Description": "Llewelyn Moss stumbles upon dead bodies, $2 million and a hoard of heroin in a Texas desert, but methodical killer Anton Chigurh comes looking for it, with local sheriff Ed Tom Bell hot on his trail. The roles of prey and predator blur as the violent pursuit of money and justice collide.",
		"ReleaseDate": "2007-11-08T00:00:00",
		"Runtime": "02:02:00",
		"ImageUrl": "https://image.tmdb.org/t/p/w600_and_h900_bestv2/6o0UWX2naW7HK45PDNYmoMIk5qs.jpg",
		"TrailerUrl": "https://www.youtube.com/embed/qnwNuG1ayno",
		"PurchaseCost": 9.99,
		"RentCost": 2.99,
		"Id": 6977
	},
	{
		"Name": "Guardians of the Galaxy",
		"Description": "Light years from Earth, 26 years after being abducted, Peter Quill finds himself the prime target of a manhunt after discovering an orb wanted by Ronan the Accuser.",
		"ReleaseDate": "2014-07-30T00:00:00",
		"Runtime": "02:01:00",
		"ImageUrl": "https://image.tmdb.org/t/p/w600_and_h900_bestv2/y31QB9kn3XSudA15tV7UWQ9XLuW.jpg",
		"TrailerUrl": "https://www.youtube.com/embed/b7yOuhI1dzU",
		"PurchaseCost": 11.99,
		"RentCost": 3.99,
		"Id": 118340
	},
	{
		"Name": "Harry Potter and the Deathly Hallows: Part 2",
		"Description": "Harry, Ron and Hermione continue their quest to vanquish the evil Voldemort once and for all. Just as things begin to look hopeless for the young wizards, Harry discovers a trio of magical objects that endow him with powers to rival Voldemort's formidable skills.",
		"ReleaseDate": "2011-07-07T00:00:00",
		"Runtime": "02:10:00",
		"ImageUrl": "https://image.tmdb.org/t/p/w600_and_h900_bestv2/fTplI1NCSuEDP4ITLcTps739fcC.jpg",
		"TrailerUrl": "https://www.youtube.com/embed/mObK5XD8udk",
		"PurchaseCost": 9.99,
		"RentCost": 2.99,
		"Id": 12445
	},
	{
		"Name": "The Grand Budapest Hotel",
		"Description": "The Grand Budapest Hotel tells of a legendary concierge at a famous European hotel between the wars and his friendship with a young employee who becomes his trusted protégé. The story involves the theft and recovery of a priceless Renaissance painting, the battle for an enormous family fortune and the slow and then sudden upheavals that transformed Europe during the first half of the 20th century.",
		"ReleaseDate": "2014-02-26T00:00:00",
		"Runtime": "01:39:00",
		"ImageUrl": "https://image.tmdb.org/t/p/w600_and_h900_bestv2/nX5XotM9yprCKarRH4fzOq1VM1J.jpg",
		"TrailerUrl": "https://www.youtube.com/embed/qmLEsdDnyLg",
		"PurchaseCost": 9.99,
		"RentCost": 3.99,
		"Id": 120467
	},
	{
		"Name": "WALL·E",
		"Description": "WALL·E is the last robot left on an Earth that has been overrun with garbage and all humans have fled to outer space. For 700 years he has continued to try and clean up the mess, but has developed some rather interesting human-like qualities. When a ship arrives with a sleek new type of robot, WALL·E thinks he's finally found a friend and stows away on the ship when it leaves.",
		"ReleaseDate": "2008-06-22T00:00:00",
		"Runtime": "01:38:00",
		"ImageUrl": "https://image.tmdb.org/t/p/w600_and_h900_bestv2/9cJETuLMc6R0bTWRA5i7ctY9bxk.jpg",
		"TrailerUrl": "https://www.youtube.com/embed/8-_9n5DtKOc",
		"PurchaseCost": 11.99,
		"RentCost": 3.99,
		"Id": 10681
	},
	{
		"Name": "Logan",
		"Description": "In the near future, a weary Logan cares for an ailing Professor X in a hideout on the Mexican border. But Logan's attempts to hide from the world and his legacy are upended when a young mutant arrives, pursued by dark forces.",
		"ReleaseDate": "2017-02-28T00:00:00",
		"Runtime": "02:17:00",
		"ImageUrl": "https://image.tmdb.org/t/p/w600_and_h900_bestv2/gGBu0hKw9BGddG8RkRAMX7B6NDB.jpg",
		"TrailerUrl": "https://www.youtube.com/embed/RH3OxVFvTeg",
		"PurchaseCost": 14.99,
		"RentCost": 4.99,
		"Id": 263115
	},
	{
		"Name": "The Thing",
		"Description": "Scientists in the Antarctic are confronted by a shape-shifting alien that assumes the appearance of the people it kills.",
		"ReleaseDate": "1982-06-25T00:00:00",
		"Runtime": "01:49:00",
		"ImageUrl": "https://image.tmdb.org/t/p/w600_and_h900_bestv2/s5fH3GqFcHbi2F0NSBSh4KRNTc0.jpg",
		"TrailerUrl": "https://www.youtube.com/embed/p35JDJLa9ec",
		"PurchaseCost": 5.99,
		"RentCost": 1.99,
		"Id": 1091
	},
	{
		"Name": "The Wolf of Wall Street",
		"Description": "A New York stockbroker refuses to cooperate in a large securities fraud case involving corruption on Wall Street, corporate banking world and mob infiltration. Based on Jordan Belfort's autobiography.",
		"ReleaseDate": "2013-12-25T00:00:00",
		"Runtime": "03:00:00",
		"ImageUrl": "https://image.tmdb.org/t/p/w600_and_h900_bestv2/vK1o5rZGqxyovfIhZyMELhk03wO.jpg",
		"TrailerUrl": "https://www.youtube.com/embed/iszwuX1AK6A",
		"PurchaseCost": 9.99,
		"RentCost": 2.99,
		"Id": 106646
	},
	{
		"Name": "Hacksaw Ridge",
		"Description": "WWII American Army Medic Desmond T. Doss, who served during the Battle of Okinawa, refuses to kill people and becomes the first Conscientious Objector in American history to receive the Congressional Medal of Honor.",
		"ReleaseDate": "2016-10-07T00:00:00",
		"Runtime": "02:20:00",
		"ImageUrl": "https://image.tmdb.org/t/p/w600_and_h900_bestv2/bndiUFfJxNd2fYx8XO610L9a07m.jpg",
		"TrailerUrl": "https://www.youtube.com/embed/s2-1hz1juBI",
		"PurchaseCost": 11.99,
		"RentCost": 3.99,
		"Id": 324786
	},
	{
		"Name": "Back to the Future",
		"Description": "Eighties teenager Marty McFly is accidentally sent back in time to 1955, inadvertently disrupting his parents' first meeting and attracting his mother's romantic interest. Marty must repair the damage to history by rekindling his parents' romance and - with the help of his eccentric inventor friend Doc Brown - return to 1985.",
		"ReleaseDate": "1985-07-03T00:00:00",
		"Runtime": "01:56:00",
		"ImageUrl": "https://image.tmdb.org/t/p/w600_and_h900_bestv2/pTpxQB1N0waaSc3OSn0e9oc8kx9.jpg",
		"TrailerUrl": "https://www.youtube.com/embed/qvsgGtivCgs",
		"PurchaseCost": 7.99,
		"RentCost": 1.99,
		"Id": 105
	},
	{
		"Name": "A Clockwork Orange",
		"Description": "Demonic gang-leader Alex goes on the spree of rape, mugging and murder with his pack of \"droogs\". But he's a boy who also likes Beethoven's Ninth and a bit of \"the old in-out, in-out\". He later finds himself at the mercy of the state and its brainwashing experiment designed to take violence off the streets.",
		"ReleaseDate": "1971-12-18T00:00:00",
		"Runtime": "02:16:00",
		"ImageUrl": "https://image.tmdb.org/t/p/w600_and_h900_bestv2/kgAi87gyx6b4oGJYSC36tVkJyJu.jpg",
		"TrailerUrl": "https://www.youtube.com/embed/2gtPhs84Jdg",
		"PurchaseCost": 6.99,
		"RentCost": 1.99,
		"Id": 185
	}
]
